{"xtam":{"Host":"localhost","Ip":"192.168.0.26"},"time":"1615771266","memoria":{"Libre":"2901012480","Usada":"1057939456","Total":"3958951936","Porcent":"27"},"disco":{"1":{"ID":"1","FSType":"ext4","Name":"\/dev\/root","Total":"117343625216","Used":"15806672896","Free":"95532101632","Percent":"13","MountPoint":"\/"},"2":{"ID":"2","FSType":"vfat","Name":"\/dev\/sdb1","Total":"999713882112","Used":"72810496","Free":"999641071616","Percent":"0","MountPoint":"\/mnt\/HDD"}},"cpu":{"0":{"Model":"ARMv7 Processor rev 3 (v7l) - Cortex-A72","CpuSpeed":"1500","Cache":null,"Load":"77"},"1":{"Model":"ARMv7 Processor rev 3 (v7l) - Cortex-A72","CpuSpeed":"1500","Cache":null,"Load":"61.855670103093"},"2":{"Model":"ARMv7 Processor rev 3 (v7l) - Cortex-A72","CpuSpeed":"1500","Cache":null,"Load":"51.041666666667"},"3":{"Model":"ARMv7 Processor rev 3 (v7l) - Cortex-A72","CpuSpeed":"1500","Cache":null,"Load":"58.415841584158"}},"plugin":{"0":{"Name":"ffmpeg","Status":"1"},"1":{"Name":"nginx","Status":"1"},"2":{"Name":"apache2","Status":"1"},"3":{"Name":"rtsp-simple-ser","Status":"1"}}}