{"xtam":{"Host":"localhost","Ip":"192.168.0.25"},"time":"1646230695","temperature":"45.277","memoria":{"Libre":"232153088","Usada":"8049217536","Total":"8281370624","Porcent":"97"},"disco":{"1":{"ID":"1","FSType":"ext4","Name":"\/dev\/root","Total":"983162408960","Used":"857984700416","Free":"75164319744","Percent":"87","MountPoint":"\/"}},"cpu":{"0":{"Model":"ARMv7 Processor rev 3 (v7l) - Cortex-A72","CpuSpeed":"1500","Cache":null,"Load":"95.789473684211"},"1":{"Model":"ARMv7 Processor rev 3 (v7l) - Cortex-A72","CpuSpeed":"1500","Cache":null,"Load":"94.949494949495"},"2":{"Model":"ARMv7 Processor rev 3 (v7l) - Cortex-A72","CpuSpeed":"1500","Cache":null,"Load":"97.029702970297"},"3":{"Model":"ARMv7 Processor rev 3 (v7l) - Cortex-A72","CpuSpeed":"1500","Cache":null,"Load":"81.372549019608"}},"plugin":{"0":{"Name":"ffmpeg","Status":"1"},"1":{"Name":"streaming-black","Status":"0"},"2":{"Name":"apache2","Status":"1"},"3":{"Name":"rtsp-simple-ser","Status":"1"}}}