{"xtam":{"Host":"localhost","Ip":"10.189.111.122"},"time":"1581104579","memoria":{"Libre":"74403840","Usada":"3874496512","Total":"3948900352","Porcent":"98"},"disco":{"1":{"ID":"1","FSType":"NTFS","Name":"Local Disk","Total":"119271321600","Used":"64714272768","Free":"54557048832","Percent":"54","MountPoint":"C:"},"2":{"ID":"2","FSType":"NTFS","Name":"Local Disk","Total":"1000202039296","Used":"13310324736","Free":"986891714560","Percent":"1","MountPoint":"D:"}},"cpu":{"0":{"Model":"Intel(R) Core(TM) i3-8100 CPU @ 3.60GHz","CpuSpeed":"3600","Cache":"6291456","Load":"100"},"1":{"Model":"Intel(R) Core(TM) i3-8100 CPU @ 3.60GHz","CpuSpeed":"3600","Cache":"6291456","Load":"100"},"2":{"Model":"Intel(R) Core(TM) i3-8100 CPU @ 3.60GHz","CpuSpeed":"3600","Cache":"6291456","Load":"100"},"3":{"Model":"Intel(R) Core(TM) i3-8100 CPU @ 3.60GHz","CpuSpeed":"3600","Cache":"6291456","Load":"100"}},"plugin":{"0":{"Name":"mysqld.exe","Status":"0"},"1":{"Name":"FileZillaServer.exe","Status":"1"},"2":{"Name":"nginx.exe","Status":"1"},"3":{"Name":"EasyDarwin.exe","Status":"1"},"4":{"Name":"php.exe","Status":"1"},"5":{"Name":"httpd.exe","Status":"1"}}}